{
    "arguments": 1.0,
    "attrs": 1.0,
    "options": 1.0,
    "constraints": 1.0,
    "environment": 1.0,
    "script": 1.0,
    "mail_type": 1.0,
    "wall_time": 0.6025249251473902,
    "job_name": 0.5294934716177424,
    "output_file": 0.47714294533444457,
    "queue": 0.459425255424885,
    "mem_per_task": 0.4000370404667099,
    "generic_resources": 0.2798407259931475,
    "error_file": 0.27499459826527145,
    "executable": 0.26767910609007006,
    "cpus_per_task": 0.26712349908942185,
    "account": 0.23974442077970182,
    "mail_user": 0.16418186869154552,
    "num_tasks": 0.12957989937339878,
    "num_nodes": 0.08738463437972652,
    "array_spec": 0.0796987375374263,
    "priority": 0.06293792635120536,
    "exclusive_access": 0.05213445689415687,
    "working_directory": 0.028027286477142945,
    "nodelist": 0.018520233354940272,
    "requeue": 0.018180695743433034,
    "exclude_nodes": 0.01660647590826311,
    "gpus_per_task": 0.008735376732413496,
    "depends_on": 0.004722659505509769,
    "licenses": 0.0031484396703398464,
    "container_image": 0.0026545667808747725,
    "input_file": 0.00024693644473253694,
    "begin_time": 6.173411118313423e-05
}