{
    "script": 0.9805228879217212,
    "wall_time": 0.6004568324227552,
    "job_name": 0.5289069975615026,
    "output_file": 0.47686514183412043,
    "queue": 0.4591783189801525,
    "mem_per_task": 0.3999135722443436,
    "generic_resources": 0.27977899188196437,
    "error_file": 0.2749019970984968,
    "executable": 0.26767910609007006,
    "cpus_per_task": 0.26712349908942185,
    "environment": 0.25727690835571193,
    "account": 0.23928141494582833,
    "mail_type": 0.19881470506528381,
    "mail_user": 0.1624224465228262,
    "num_tasks": 0.12957989937339878,
    "num_nodes": 0.08738463437972652,
    "array_spec": 0.07966787048183474,
    "constraints": 0.06565422724326327,
    "priority": 0.06293792635120536,
    "exclusive_access": 0.05213445689415687,
    "working_directory": 0.027934685310368242,
    "nodelist": 0.0182115627990246,
    "exclude_nodes": 0.01660647590826311,
    "gpus_per_task": 0.008735376732413496,
    "requeue": 0.007655029786708646,
    "licenses": 0.0031484396703398464,
    "container_image": 0.0026545667808747725,
    "arguments": 0.0019754915578602955,
    "depends_on": 0.001543352779578356,
    "input_file": 0.00024693644473253694,
    "begin_time": 6.173411118313423e-05,
    "attrs": 0.0,
    "options": 0.0
}